id,latitude,longitude,city,event,vehicle,geometry
30221520191,51.187237,3.27914,BRUGGE,39,ambulance,POINT (3.27914 51.187237)
30221530100,51.223418,3.199686,BRUGGE,11,pit,POINT (3.199686 51.223418)
30221540266,51.209674,3.24041,BRUGGE,39,pit,POINT (3.24041 51.209674)
30221540273,51.214042,3.279898,BRUGGE,11,pit,POINT (3.279898 51.214042)
30221550485,51.215017,3.218294,BRUGGE,11,ambulance,POINT (3.218294 51.215017)
30221570055,51.199428,3.182652,BRUGGE,11,pit,POINT (3.182652 51.199428)
30221570100,51.197316,3.188729,BRUGGE,11,pit,POINT (3.188729 51.197316)
30221570473,51.229989,3.242244,BRUGGE,11,pit,POINT (3.242244 51.229989)
30221600029,51.199214,3.242021,BRUGGE,11,pit,POINT (3.242021 51.199214)
30221600335,51.182549,3.205881,BRUGGE,39,pit,POINT (3.205881 51.182549)
30221620046,51.199038,3.226563,BRUGGE,11,ambulance,POINT (3.226563 51.199038)
30221620344,51.184139,3.233069,BRUGGE,39,ambulance,POINT (3.233069 51.184139)
30221630044,51.195004,3.174708,BRUGGE,11,pit,POINT (3.174708 51.195004)
30221630288,51.206853,3.231428,BRUGGE,39,pit,POINT (3.231428 51.206853)
30221640165,51.206533,3.221953,BRUGGE,11,ambulance,POINT (3.221953 51.206533)
30221640325,51.198588,3.235905,BRUGGE,39,ambulance,POINT (3.235905 51.198588)
30221640387,51.207521,3.236863,BRUGGE,39,ambulance,POINT (3.236863 51.207521)
30221640640,51.218546,3.208974,BRUGGE,11,pit,POINT (3.208974 51.218546)
30221660024,51.187058,3.242149,BRUGGE,39,ambulance,POINT (3.242149 51.187058)
30221670223,51.223057,3.229818,BRUGGE,39,ambulance,POINT (3.229818 51.223057)
30221670602,51.212419,3.259039,BRUGGE,11,pit,POINT (3.259039 51.212419)
30221680341,51.206741,3.234668,BRUGGE,39,pit,POINT (3.234668 51.206741)
30221690357,51.207995,3.218555,BRUGGE,3,pit,POINT (3.218555 51.207995)
30221710052,51.201045,3.230104,BRUGGE,39,ambulance,POINT (3.230104 51.201045)
30221720084,51.20276,3.245179,BRUGGE,11,ambulance,POINT (3.245179 51.20276)
30221740285,51.191223,3.19276,BRUGGE,39,pit,POINT (3.19276 51.191223)
30221760215,51.165438,3.194784,BRUGGE,11,pit,POINT (3.194784 51.165438)
30221760424,51.210753,3.226165,BRUGGE,39,ambulance,POINT (3.226165 51.210753)
30221760587,51.199555,3.228648,BRUGGE,11,pit,POINT (3.228648 51.199555)
30221780287,51.22777,3.198388,BRUGGE,39,pit,POINT (3.198388 51.22777)
30221790084,51.209968,3.230322,BRUGGE,3,ambulance,POINT (3.230322 51.209968)
30221790274,51.321221,3.218278,BRUGGE,11,ambulance,POINT (3.218278 51.321221)
30221790346,51.201118,3.227718,BRUGGE,11,pit,POINT (3.227718 51.201118)
30221800546,51.217646,3.215107,BRUGGE,39,ambulance,POINT (3.215107 51.217646)
30221800612,51.198629,3.187809,BRUGGE,39,ambulance,POINT (3.187809 51.198629)
30221810227,51.225913,3.2393,BRUGGE,39,pit,POINT (3.2393 51.225913)
30221810245,51.308194,3.195765,BRUGGE,39,ambulance,POINT (3.195765 51.308194)
30221820366,51.182928,3.20562,BRUGGE,39,ambulance,POINT (3.20562 51.182928)
30221830191,51.219567,3.230473,BRUGGE,39,pit,POINT (3.230473 51.219567)
30221840610,51.29282,3.195239,BRUGGE,39,pit,POINT (3.195239 51.29282)
30221860104,51.200032,3.241593,BRUGGE,39,ambulance,POINT (3.241593 51.200032)
30221870409,51.203713,3.224656,BRUGGE,39,ambulance,POINT (3.224656 51.203713)
30221880096,51.215104,3.243764,BRUGGE,3,pit,POINT (3.243764 51.215104)
30221890541,51.220482,3.235757,BRUGGE,11,ambulance,POINT (3.235757 51.220482)
30221890707,51.207965,3.215563,BRUGGE,11,pit,POINT (3.215563 51.207965)
30221900282,51.205295,3.217866,BRUGGE,39,pit,POINT (3.217866 51.205295)
30221920055,51.20357,3.268904,BRUGGE,11,ambulance,POINT (3.268904 51.20357)
30221930423,51.203038,3.233908,BRUGGE,11,ambulance,POINT (3.233908 51.203038)
30221940100,51.217074,3.243,BRUGGE,11,pit,POINT (3.243 51.217074)
30221950297,51.333905,3.202626,BRUGGE,11,pit,POINT (3.202626 51.333905)
30221950371,51.209826,3.238386,BRUGGE,11,pit,POINT (3.238386 51.209826)
30221970282,51.208497,3.222945,BRUGGE,11,ambulance,POINT (3.222945 51.208497)
30221980703,51.188715,3.239441,BRUGGE,39,pit,POINT (3.239441 51.188715)
30222000571,51.196161,3.201361,BRUGGE,39,pit,POINT (3.201361 51.196161)
30222010507,51.198208,3.23617,BRUGGE,3,ambulance,POINT (3.23617 51.198208)
30222020510,51.213062,3.260734,BRUGGE,11,pit,POINT (3.260734 51.213062)
30222030089,51.216954,3.260351,BRUGGE,39,pit,POINT (3.260351 51.216954)
30222030184,51.173401,3.211687,BRUGGE,11,ambulance,POINT (3.211687 51.173401)
30222030490,51.207806,3.223512,BRUGGE,11,pit,POINT (3.223512 51.207806)
30222040285,51.178546,3.220683,BRUGGE,39,pit,POINT (3.220683 51.178546)
30222050064,51.176245,3.227017,BRUGGE,11,pit,POINT (3.227017 51.176245)
30222050173,51.199569,3.246266,BRUGGE,3,ambulance,POINT (3.246266 51.199569)
30222050192,51.204802,3.215423,BRUGGE,11,ambulance,POINT (3.215423 51.204802)
30222050524,51.205603,3.214345,BRUGGE,11,ambulance,POINT (3.214345 51.205603)
30222050649,51.293873,3.198416,BRUGGE,11,ambulance,POINT (3.198416 51.293873)
30222060315,51.199417,3.239467,BRUGGE,11,pit,POINT (3.239467 51.199417)
30222070392,51.202395,3.225602,BRUGGE,11,pit,POINT (3.225602 51.202395)
30222090157,51.210698,3.20801,BRUGGE,39,pit,POINT (3.20801 51.210698)
30222090194,51.293271,3.198362,BRUGGE,11,ambulance,POINT (3.198362 51.293271)
30222100490,51.185348,3.187173,BRUGGE,11,pit,POINT (3.187173 51.185348)
30222110151,51.203457,3.206495,BRUGGE,39,ambulance,POINT (3.206495 51.203457)
30222130105,51.335123,3.207421,BRUGGE,39,ambulance,POINT (3.207421 51.335123)
30222130155,51.205434,3.187549,BRUGGE,3,ambulance,POINT (3.187549 51.205434)
30222130414,51.208657,3.247188,BRUGGE,3,ambulance,POINT (3.247188 51.208657)
30222150307,51.196726,3.18905,BRUGGE,39,pit,POINT (3.18905 51.196726)
30222150377,51.218591,3.219094,BRUGGE,11,pit,POINT (3.219094 51.218591)
30222150387,51.229194,3.190214,BRUGGE,39,ambulance,POINT (3.190214 51.229194)
30222160407,51.192749,3.270078,BRUGGE,11,pit,POINT (3.270078 51.192749)
30222170612,51.198733,3.247122,BRUGGE,39,ambulance,POINT (3.247122 51.198733)
30222180164,51.224695,3.238854,BRUGGE,39,pit,POINT (3.238854 51.224695)
30222190089,51.196516,3.176856,BRUGGE,3,mug,POINT (3.176856 51.196516)
30222210367,51.251544,3.211948,BRUGGE,11,pit,POINT (3.211948 51.251544)
30222220042,51.171064,3.202587,BRUGGE,11,pit,POINT (3.202587 51.171064)
30222240238,51.19561,3.181114,BRUGGE,39,pit,POINT (3.181114 51.19561)
30222240241,51.200105,3.239006,BRUGGE,11,pit,POINT (3.239006 51.200105)
30222250245,51.220023,3.206661,BRUGGE,11,ambulance,POINT (3.206661 51.220023)
30222260188,51.193882,3.254166,BRUGGE,11,pit,POINT (3.254166 51.193882)
30222270194,51.230596,3.241507,BRUGGE,39,ambulance,POINT (3.241507 51.230596)
30222270448,51.207864,3.225653,BRUGGE,39,ambulance,POINT (3.225653 51.207864)
30222280208,51.184314,3.221917,BRUGGE,3,ambulance,POINT (3.221917 51.184314)
30222280276,51.205025,3.265063,BRUGGE,11,pit,POINT (3.265063 51.205025)
30222280613,51.199414,3.237061,BRUGGE,11,pit,POINT (3.237061 51.199414)
30222300227,51.250561,3.1985,BRUGGE,11,pit,POINT (3.1985 51.250561)
30222310108,51.219513,3.239538,BRUGGE,3,ambulance,POINT (3.239538 51.219513)
30222310144,51.204669,3.185126,BRUGGE,39,pit,POINT (3.185126 51.204669)
30222310264,51.190253,3.204074,BRUGGE,39,ambulance,POINT (3.204074 51.190253)
30222330312,51.224123,3.23656,BRUGGE,11,ambulance,POINT (3.23656 51.224123)
30222340410,51.186193,3.214704,BRUGGE,39,pit,POINT (3.214704 51.186193)
30222340538,51.210679,3.234411,BRUGGE,3,ambulance,POINT (3.234411 51.210679)
30222350122,51.187905,3.187849,BRUGGE,3,ambulance,POINT (3.187849 51.187905)
30222350422,51.201811,3.191118,BRUGGE,39,pit,POINT (3.191118 51.201811)
30222350461,51.214906,3.231285,BRUGGE,39,pit,POINT (3.231285 51.214906)
30222350530,51.205639,3.198593,BRUGGE,39,pit,POINT (3.198593 51.205639)
30222360560,51.20491,3.215856,BRUGGE,39,ambulance,POINT (3.215856 51.20491)
30222360590,51.224651,3.230258,BRUGGE,39,ambulance,POINT (3.230258 51.224651)
30222370178,51.206475,3.221861,BRUGGE,39,ambulance,POINT (3.221861 51.206475)
30222370573,51.2307,3.249693,BRUGGE,39,pit,POINT (3.249693 51.2307)
30222380036,51.19896,3.247532,BRUGGE,11,pit,POINT (3.247532 51.19896)
30222380227,51.339119,3.20574,BRUGGE,11,ambulance,POINT (3.20574 51.339119)
30222380528,51.236056,3.202582,BRUGGE,39,pit,POINT (3.202582 51.236056)
30222390058,51.20288,3.201531,BRUGGE,39,pit,POINT (3.201531 51.20288)
30222400160,51.199078,3.233429,BRUGGE,11,ambulance,POINT (3.233429 51.199078)
30222400169,51.207755,3.17519,BRUGGE,11,pit,POINT (3.17519 51.207755)
30222400346,51.164979,3.187702,BRUGGE,39,pit,POINT (3.187702 51.164979)
30222400405,51.216244,3.289889,BRUGGE,39,pit,POINT (3.289889 51.216244)
30222420596,51.201908,3.224873,BRUGGE,11,pit,POINT (3.224873 51.201908)
30222430006,51.186729,3.210579,BRUGGE,11,pit,POINT (3.210579 51.186729)
30222430447,51.214299,3.262696,BRUGGE,3,ambulance,POINT (3.262696 51.214299)
30222440135,51.186198,3.226845,BRUGGE,11,pit,POINT (3.226845 51.186198)
30222440603,51.199921,3.235559,BRUGGE,11,pit,POINT (3.235559 51.199921)
30222460160,51.186049,3.232777,BRUGGE,11,pit,POINT (3.232777 51.186049)
30222460297,51.200104,3.222075,BRUGGE,39,ambulance,POINT (3.222075 51.200104)
30222470422,51.202656,3.183329,BRUGGE,11,pit,POINT (3.183329 51.202656)
30222470558,51.188461,3.207416,BRUGGE,11,ambulance,POINT (3.207416 51.188461)
30222480164,51.194004,3.232055,BRUGGE,11,pit,POINT (3.232055 51.194004)
30222480291,51.221295,3.19678,BRUGGE,11,pit,POINT (3.19678 51.221295)
30222480320,51.294794,3.186517,BRUGGE,39,ambulance,POINT (3.186517 51.294794)
30222490029,51.309694,3.196245,BRUGGE,39,ambulance,POINT (3.196245 51.309694)
30222490070,51.206208,3.217027,BRUGGE,11,pit,POINT (3.217027 51.206208)
30222500121,51.331235,3.209147,BRUGGE,11,pit,POINT (3.209147 51.331235)
30222500150,51.193509,3.174648,BRUGGE,11,pit,POINT (3.174648 51.193509)
30222510179,51.216008,3.204799,BRUGGE,39,pit,POINT (3.204799 51.216008)
30222510371,51.160121,3.161144,BRUGGE,39,pit,POINT (3.161144 51.160121)
30222520113,51.194756,3.210027,BRUGGE,11,ambulance,POINT (3.210027 51.194756)
30222520545,51.221513,3.2834,BRUGGE,3,ambulance,POINT (3.2834 51.221513)
30222530077,51.197579,3.24742,BRUGGE,11,pit,POINT (3.24742 51.197579)
30222530316,51.19788,3.218088,BRUGGE,39,ambulance,POINT (3.218088 51.19788)
30222530391,51.218408,3.237572,BRUGGE,11,pit,POINT (3.237572 51.218408)
30222540453,51.232621,3.184102,BRUGGE,39,pit,POINT (3.184102 51.232621)
30222540472,51.175274,3.216402,BRUGGE,11,pit,POINT (3.216402 51.175274)
30222560198,51.211088,3.228631,BRUGGE,39,mug,POINT (3.228631 51.211088)
30222570002,51.240114,3.249983,BRUGGE,11,ambulance,POINT (3.249983 51.240114)
30222570224,51.226119,3.237962,BRUGGE,39,pit,POINT (3.237962 51.226119)
30222570334,51.188821,3.182886,BRUGGE,11,pit,POINT (3.182886 51.188821)
30222580024,51.221065,3.235181,BRUGGE,39,pit,POINT (3.235181 51.221065)
30222590002,51.186729,3.246613,BRUGGE,39,pit,POINT (3.246613 51.186729)
30222590361,51.20173,3.202252,BRUGGE,3,ambulance,POINT (3.202252 51.20173)
30222600097,51.193566,3.265696,BRUGGE,39,pit,POINT (3.265696 51.193566)
30222620016,51.21567,3.240148,BRUGGE,11,pit,POINT (3.240148 51.21567)
30222620242,51.213425,3.24678,BRUGGE,11,pit,POINT (3.24678 51.213425)
30222620411,51.227824,3.242467,BRUGGE,39,pit,POINT (3.242467 51.227824)
30222620506,51.205464,3.223281,BRUGGE,11,pit,POINT (3.223281 51.205464)
30222630240,51.196601,3.201988,BRUGGE,3,ambulance,POINT (3.201988 51.196601)
30222630329,51.206417,3.221769,BRUGGE,11,ambulance,POINT (3.221769 51.206417)
30222660247,51.194036,3.271442,BRUGGE,39,pit,POINT (3.271442 51.194036)
30222670309,51.217784,3.22946,BRUGGE,11,pit,POINT (3.22946 51.217784)
30222690008,51.197918,3.201796,BRUGGE,11,pit,POINT (3.201796 51.197918)
30222690314,51.200316,3.195717,BRUGGE,3,ambulance,POINT (3.195717 51.200316)
30222710033,51.179775,3.215133,BRUGGE,39,pit,POINT (3.215133 51.179775)
30222710219,51.211487,3.225831,BRUGGE,39,pit,POINT (3.225831 51.211487)
30222710484,51.196859,3.235369,BRUGGE,3,pit,POINT (3.235369 51.196859)
30222720108,51.210427,3.214111,BRUGGE,39,ambulance,POINT (3.214111 51.210427)
30222720117,51.215365,3.229644,BRUGGE,39,ambulance,POINT (3.229644 51.215365)
30222720529,51.199069,3.234054,BRUGGE,11,ambulance,POINT (3.234054 51.199069)
30222730287,51.22396,3.206867,BRUGGE,11,ambulance,POINT (3.206867 51.22396)
30222730332,51.212747,3.206442,BRUGGE,39,ambulance,POINT (3.206442 51.212747)
30222730342,51.295557,3.184142,BRUGGE,39,pit,POINT (3.184142 51.295557)
30222730380,51.206717,3.224299,BRUGGE,3,ambulance,POINT (3.224299 51.206717)
30222740444,51.202622,3.222808,BRUGGE,39,pit,POINT (3.222808 51.202622)
30222750140,51.187057,3.179777,BRUGGE,11,pit,POINT (3.179777 51.187057)
30222750356,51.229011,3.246919,BRUGGE,11,pit,POINT (3.246919 51.229011)
30222760075,51.340407,3.205591,BRUGGE,39,ambulance,POINT (3.205591 51.340407)
30222770016,51.20483,3.219659,BRUGGE,11,ambulance,POINT (3.219659 51.20483)
30222770524,51.194161,3.179514,BRUGGE,11,mug,POINT (3.179514 51.194161)
30222780203,51.218067,3.281758,BRUGGE,11,pit,POINT (3.281758 51.218067)
30222780247,51.174671,3.213397,BRUGGE,11,pit,POINT (3.213397 51.174671)
30222800256,51.184494,3.178656,BRUGGE,39,pit,POINT (3.178656 51.184494)
30222820123,51.198811,3.163785,BRUGGE,39,pit,POINT (3.163785 51.198811)
30222820146,51.32721,3.196557,BRUGGE,11,pit,POINT (3.196557 51.32721)
30222830022,51.196253,3.21947,BRUGGE,11,ambulance,POINT (3.21947 51.196253)
30222830140,51.202238,3.214586,BRUGGE,39,mug,POINT (3.214586 51.202238)
30222840263,51.332806,3.222467,BRUGGE,11,ambulance,POINT (3.222467 51.332806)
30222850040,51.218598,3.214632,BRUGGE,11,ambulance,POINT (3.214632 51.218598)
30222850298,51.217496,3.20543,BRUGGE,11,pit,POINT (3.20543 51.217496)
30222870244,51.193806,3.166475,BRUGGE,39,ambulance,POINT (3.166475 51.193806)
30222890139,51.213543,3.222443,BRUGGE,39,pit,POINT (3.222443 51.213543)
30222890158,51.326278,3.191336,BRUGGE,39,pit,POINT (3.191336 51.326278)
30222890555,51.203096,3.220856,BRUGGE,11,ambulance,POINT (3.220856 51.203096)
30222900169,51.339073,3.20583,BRUGGE,39,ambulance,POINT (3.20583 51.339073)
30222900465,51.205048,3.213084,BRUGGE,39,pit,POINT (3.213084 51.205048)
30222920150,51.223463,3.204888,BRUGGE,3,pit,POINT (3.204888 51.223463)
30222930006,51.206273,3.204925,BRUGGE,11,ambulance,POINT (3.204925 51.206273)
30222930216,51.203334,3.233965,BRUGGE,39,ambulance,POINT (3.233965 51.203334)
30222930221,51.208395,3.209342,BRUGGE,11,mug,POINT (3.209342 51.208395)
30222940058,51.201891,3.231063,BRUGGE,3,ambulance,POINT (3.231063 51.201891)
30222940216,51.215368,3.219605,BRUGGE,11,pit,POINT (3.219605 51.215368)
30222950264,51.196415,3.174892,BRUGGE,11,ambulance,POINT (3.174892 51.196415)
30222960409,51.200448,3.196298,BRUGGE,11,pit,POINT (3.196298 51.200448)
30222970085,51.224575,3.228833,BRUGGE,39,pit,POINT (3.228833 51.224575)
30222970187,51.292583,3.245217,BRUGGE,39,ambulance,POINT (3.245217 51.292583)
30222970343,51.196555,3.251018,BRUGGE,3,ambulance,POINT (3.251018 51.196555)
30222970397,51.224988,3.210011,BRUGGE,39,pit,POINT (3.210011 51.224988)
30222970496,51.207617,3.231612,BRUGGE,11,ambulance,POINT (3.231612 51.207617)
30222980228,51.211275,3.230664,BRUGGE,11,pit,POINT (3.230664 51.211275)
30222980348,51.263949,3.197053,BRUGGE,3,mug,POINT (3.197053 51.263949)
30222990006,51.204178,3.263971,BRUGGE,39,pit,POINT (3.263971 51.204178)
30222990063,51.215075,3.268717,BRUGGE,39,ambulance,POINT (3.268717 51.215075)
30222990101,51.207396,3.209968,BRUGGE,39,pit,POINT (3.209968 51.207396)
30222990436,51.209157,3.22714,BRUGGE,11,pit,POINT (3.22714 51.209157)
30222990454,51.323134,3.206202,BRUGGE,11,pit,POINT (3.206202 51.323134)
30222990520,51.204475,3.231883,BRUGGE,11,pit,POINT (3.231883 51.204475)
30223000539,51.206719,3.188565,BRUGGE,11,pit,POINT (3.188565 51.206719)
30223010506,51.180583,3.204538,BRUGGE,11,pit,POINT (3.204538 51.180583)
30223020009,51.205931,3.233055,BRUGGE,39,ambulance,POINT (3.233055 51.205931)
30223020423,51.200868,3.215326,BRUGGE,11,pit,POINT (3.215326 51.200868)
30223030264,51.200978,3.230179,BRUGGE,3,pit,POINT (3.230179 51.200978)
30223030304,51.208667,3.28015,BRUGGE,11,ambulance,POINT (3.28015 51.208667)
30223040116,51.21767,3.228035,BRUGGE,39,ambulance,POINT (3.228035 51.21767)
30223050222,51.181312,3.208851,BRUGGE,11,pit,POINT (3.208851 51.181312)
30223050269,51.202728,3.220899,BRUGGE,11,ambulance,POINT (3.220899 51.202728)
30223050339,51.272205,3.228458,BRUGGE,39,ambulance,POINT (3.228458 51.272205)
30223070304,51.202517,3.220002,BRUGGE,11,pit,POINT (3.220002 51.202517)
30223090180,51.207151,3.244121,BRUGGE,39,pit,POINT (3.244121 51.207151)
30223090186,51.204875,3.218072,BRUGGE,11,ambulance,POINT (3.218072 51.204875)
30223090225,51.208971,3.213844,BRUGGE,39,ambulance,POINT (3.213844 51.208971)
30223090364,51.19753,3.226368,BRUGGE,11,pit,POINT (3.226368 51.19753)
30223090365,51.205804,3.228781,BRUGGE,11,ambulance,POINT (3.228781 51.205804)
30223100060,51.206097,3.176251,BRUGGE,11,ambulance,POINT (3.176251 51.206097)
30223100131,51.203995,3.250367,BRUGGE,39,pit,POINT (3.250367 51.203995)
30223100219,51.215818,3.246061,BRUGGE,3,ambulance,POINT (3.246061 51.215818)
30223100306,51.329938,3.199561,BRUGGE,11,ambulance,POINT (3.199561 51.329938)
30223110235,51.178309,3.226133,BRUGGE,3,ambulance,POINT (3.226133 51.178309)
30223110468,51.248802,3.227841,BRUGGE,3,ambulance,POINT (3.227841 51.248802)
30223130173,51.201192,3.190355,BRUGGE,39,pit,POINT (3.190355 51.201192)
30223140117,51.206961,3.231264,BRUGGE,39,ambulance,POINT (3.231264 51.206961)
30223140526,51.229033,3.23911,BRUGGE,11,pit,POINT (3.23911 51.229033)
30223150483,51.274177,3.229085,BRUGGE,39,ambulance,POINT (3.229085 51.274177)
30223160368,51.206107,3.21524,BRUGGE,11,ambulance,POINT (3.21524 51.206107)
30223160404,51.210128,3.247627,BRUGGE,11,pit,POINT (3.247627 51.210128)
30223160544,51.204986,3.201946,BRUGGE,39,pit,POINT (3.201946 51.204986)
30223170277,51.218305,3.279411,BRUGGE,11,pit,POINT (3.279411 51.218305)
30223180017,51.19762,3.244782,BRUGGE,11,pit,POINT (3.244782 51.19762)
30223180046,51.175346,3.219532,BRUGGE,3,pit,POINT (3.219532 51.175346)
30223180047,51.294019,3.192686,BRUGGE,11,ambulance,POINT (3.192686 51.294019)
30223190001,51.212514,3.247109,BRUGGE,11,pit,POINT (3.247109 51.212514)
30223200174,51.199854,3.24953,BRUGGE,39,ambulance,POINT (3.24953 51.199854)
30223210355,51.20395,3.247121,BRUGGE,11,pit,POINT (3.247121 51.20395)
30223210564,51.206813,3.203755,BRUGGE,11,pit,POINT (3.203755 51.206813)
30223220327,51.197307,3.179487,BRUGGE,11,ambulance,POINT (3.179487 51.197307)
30223230114,51.197109,3.187917,BRUGGE,3,ambulance,POINT (3.187917 51.197109)
30223240516,51.327656,3.179724,BRUGGE,39,ambulance,POINT (3.179724 51.327656)
30223250116,51.217101,3.219317,BRUGGE,39,pit,POINT (3.219317 51.217101)
30223260053,51.310142,3.196179,BRUGGE,11,ambulance,POINT (3.196179 51.310142)
30223260521,51.288304,3.176669,BRUGGE,11,pit,POINT (3.176669 51.288304)
30223290050,51.207273,3.285171,BRUGGE,11,ambulance,POINT (3.285171 51.207273)
30223290107,51.232163,3.210517,BRUGGE,11,ambulance,POINT (3.210517 51.232163)
30223310045,51.216555,3.220792,BRUGGE,39,pit,POINT (3.220792 51.216555)
30223310103,51.200802,3.202114,BRUGGE,11,pit,POINT (3.202114 51.200802)
30223310261,51.208799,3.239806,BRUGGE,11,pit,POINT (3.239806 51.208799)
30223310294,51.198564,3.218502,BRUGGE,11,pit,POINT (3.218502 51.198564)
30223320077,51.217829,3.240526,BRUGGE,11,pit,POINT (3.240526 51.217829)
30223320205,51.189575,3.196606,BRUGGE,39,pit,POINT (3.196606 51.189575)
30223320245,51.21291,3.210065,BRUGGE,11,ambulance,POINT (3.210065 51.21291)
30223340066,51.208752,3.211215,BRUGGE,39,ambulance,POINT (3.211215 51.208752)
30223360183,51.323497,3.219957,BRUGGE,39,ambulance,POINT (3.219957 51.323497)
30223360209,51.327484,3.181524,BRUGGE,39,ambulance,POINT (3.181524 51.327484)
30223360308,51.200871,3.225731,BRUGGE,3,pit,POINT (3.225731 51.200871)
30223370275,51.208979,3.222246,BRUGGE,39,ambulance,POINT (3.222246 51.208979)
30223370570,51.206353,3.22311,BRUGGE,39,pit,POINT (3.22311 51.206353)
30223380192,51.196352,3.176174,BRUGGE,11,ambulance,POINT (3.176174 51.196352)
30223380379,51.328397,3.179714,BRUGGE,3,ambulance,POINT (3.179714 51.328397)
30223380388,51.202906,3.250409,BRUGGE,3,ambulance,POINT (3.250409 51.202906)
30223380545,51.209377,3.222634,BRUGGE,39,ambulance,POINT (3.222634 51.209377)
30223390427,51.22426,3.23905,BRUGGE,39,pit,POINT (3.23905 51.22426)
30223400079,51.221079,3.204489,BRUGGE,11,pit,POINT (3.204489 51.221079)
30223400151,51.310092,3.209891,BRUGGE,11,pit,POINT (3.209891 51.310092)
30223400308,51.20709,3.21039,BRUGGE,11,pit,POINT (3.21039 51.20709)
30223400423,51.352555,3.174769,BRUGGE,39,ambulance,POINT (3.174769 51.352555)
30223410475,51.335575,3.211012,BRUGGE,11,pit,POINT (3.211012 51.335575)
30223420090,51.188039,3.187373,BRUGGE,11,pit,POINT (3.187373 51.188039)
30223430564,51.207625,3.292286,BRUGGE,11,pit,POINT (3.292286 51.207625)
30223440193,51.182322,3.239392,BRUGGE,11,pit,POINT (3.239392 51.182322)
30223440313,51.20743,3.220134,BRUGGE,11,ambulance,POINT (3.220134 51.20743)
30223440609,51.21133,3.256761,BRUGGE,3,ambulance,POINT (3.256761 51.21133)
30223450039,51.209528,3.239587,BRUGGE,39,ambulance,POINT (3.239587 51.209528)
30223460106,51.244687,3.210101,BRUGGE,11,ambulance,POINT (3.210101 51.244687)
30223460447,51.201491,3.195095,BRUGGE,11,pit,POINT (3.195095 51.201491)
30223470088,51.335584,3.210984,BRUGGE,39,ambulance,POINT (3.210984 51.335584)
30223470142,51.200097,3.245499,BRUGGE,11,pit,POINT (3.245499 51.200097)
30223470347,51.266377,3.205981,BRUGGE,11,pit,POINT (3.205981 51.266377)
30223490015,51.195888,3.250727,BRUGGE,39,ambulance,POINT (3.250727 51.195888)
30223490190,51.209029,3.247302,BRUGGE,11,ambulance,POINT (3.247302 51.209029)
30223500095,51.2,3.245798,BRUGGE,39,pit,POINT (3.245798 51.2)
30223500220,51.212863,3.243161,BRUGGE,11,ambulance,POINT (3.243161 51.212863)
30223510028,51.224262,3.196749,BRUGGE,11,pit,POINT (3.196749 51.224262)
30223520453,51.216167,3.245937,BRUGGE,11,ambulance,POINT (3.245937 51.216167)
30223530048,51.200724,3.206894,BRUGGE,11,pit,POINT (3.206894 51.200724)
30223540619,51.227945,3.247151,BRUGGE,11,pit,POINT (3.247151 51.227945)
30223570120,51.218258,3.213108,BRUGGE,3,ambulance,POINT (3.213108 51.218258)
30223570184,51.196053,3.254374,BRUGGE,39,ambulance,POINT (3.254374 51.196053)
30223570227,51.244879,3.251715,BRUGGE,3,ambulance,POINT (3.251715 51.244879)
30223580028,51.20367,3.239051,BRUGGE,39,ambulance,POINT (3.239051 51.20367)
30223580477,51.189236,3.210455,BRUGGE,11,mug,POINT (3.210455 51.189236)
30223590071,51.240335,3.200081,BRUGGE,39,ambulance,POINT (3.200081 51.240335)
30223590279,51.249514,3.227626,BRUGGE,39,pit,POINT (3.227626 51.249514)
30223590322,51.199635,3.206333,BRUGGE,39,ambulance,POINT (3.206333 51.199635)
30223600196,51.205097,3.217997,BRUGGE,39,pit,POINT (3.217997 51.205097)
30223610089,51.230871,3.24462,BRUGGE,11,pit,POINT (3.24462 51.230871)
30223610413,51.211365,3.220827,BRUGGE,39,pit,POINT (3.220827 51.211365)
30223630347,51.201822,3.238826,BRUGGE,39,mug,POINT (3.238826 51.201822)
30223640480,51.208106,3.264941,BRUGGE,11,pit,POINT (3.264941 51.208106)
30223650049,51.19829,3.177058,BRUGGE,39,pit,POINT (3.177058 51.19829)
30223650333,51.221502,3.207765,BRUGGE,3,ambulance,POINT (3.207765 51.221502)
30223650382,51.329312,3.180307,BRUGGE,39,pit,POINT (3.180307 51.329312)
30223650522,51.215223,3.27554,BRUGGE,11,pit,POINT (3.27554 51.215223)
30230010048,51.223029,3.204213,BRUGGE,11,pit,POINT (3.204213 51.223029)
30230010604,51.222525,3.20238,BRUGGE,11,pit,POINT (3.20238 51.222525)
30230010695,51.184566,3.199504,BRUGGE,11,pit,POINT (3.199504 51.184566)
30230010793,51.206031,3.268154,BRUGGE,11,pit,POINT (3.268154 51.206031)
30230020122,51.20152,3.241995,BRUGGE,11,pit,POINT (3.241995 51.20152)
30230020439,51.241285,3.248352,BRUGGE,39,pit,POINT (3.248352 51.241285)
30230020528,51.315903,3.209114,BRUGGE,39,pit,POINT (3.209114 51.315903)
30230020566,51.206634,3.199358,BRUGGE,39,pit,POINT (3.199358 51.206634)
30230030130,51.212391,3.279161,BRUGGE,11,pit,POINT (3.279161 51.212391)
30230030233,51.169838,3.197745,BRUGGE,11,pit,POINT (3.197745 51.169838)
30230050052,51.214415,3.251729,BRUGGE,3,ambulance,POINT (3.251729 51.214415)
30230080001,51.193449,3.205075,BRUGGE,11,pit,POINT (3.205075 51.193449)
30230080504,51.189504,3.247351,BRUGGE,11,pit,POINT (3.247351 51.189504)
30230080514,51.213286,3.217332,BRUGGE,11,ambulance,POINT (3.217332 51.213286)
30230100238,51.215004,3.216487,BRUGGE,39,ambulance,POINT (3.216487 51.215004)
30230100304,51.200991,3.226145,BRUGGE,11,pit,POINT (3.226145 51.200991)
30230110090,51.182752,3.196964,BRUGGE,11,ambulance,POINT (3.196964 51.182752)
30230110315,51.204332,3.218575,BRUGGE,11,pit,POINT (3.218575 51.204332)
30230110449,51.310834,3.230131,BRUGGE,11,mug,POINT (3.230131 51.310834)
30230120142,51.232602,3.210375,BRUGGE,3,ambulance,POINT (3.210375 51.232602)
30230120222,51.202252,3.226438,BRUGGE,11,ambulance,POINT (3.226438 51.202252)
30230120284,51.274035,3.226925,BRUGGE,11,ambulance,POINT (3.226925 51.274035)
30230120638,51.270928,3.222558,BRUGGE,3,ambulance,POINT (3.222558 51.270928)
30230130057,51.229098,3.234352,BRUGGE,11,pit,POINT (3.234352 51.229098)
30230130317,51.214731,3.21742,BRUGGE,39,pit,POINT (3.21742 51.214731)
30230140121,51.22531,3.235882,BRUGGE,11,pit,POINT (3.235882 51.22531)
30230140149,51.218406,3.214856,BRUGGE,39,pit,POINT (3.214856 51.218406)
30230150100,51.196133,3.250883,BRUGGE,39,pit,POINT (3.250883 51.196133)
30230160010,51.209891,3.250887,BRUGGE,11,ambulance,POINT (3.250887 51.209891)
30230170169,51.214625,3.250678,BRUGGE,39,ambulance,POINT (3.250678 51.214625)
30230180191,51.232962,3.249585,BRUGGE,11,ambulance,POINT (3.249585 51.232962)
30230180345,51.216146,3.281504,BRUGGE,11,pit,POINT (3.281504 51.216146)
30230190258,51.23237,3.229464,BRUGGE,11,pit,POINT (3.229464 51.23237)
30230220479,51.211257,3.215057,BRUGGE,11,pit,POINT (3.215057 51.211257)
30230230067,51.202888,3.182573,BRUGGE,11,pit,POINT (3.182573 51.202888)
30230230391,51.212549,3.229961,BRUGGE,39,pit,POINT (3.229961 51.212549)
30230230533,51.233202,3.211162,BRUGGE,3,ambulance,POINT (3.211162 51.233202)
30230240127,51.219251,3.280393,BRUGGE,11,pit,POINT (3.280393 51.219251)
30230260483,51.217909,3.207287,BRUGGE,39,ambulance,POINT (3.207287 51.217909)
30230270235,51.206597,3.201737,BRUGGE,11,pit,POINT (3.201737 51.206597)
30230270374,51.275951,3.228442,BRUGGE,39,pit,POINT (3.228442 51.275951)
30230280088,51.183294,3.209596,BRUGGE,39,pit,POINT (3.209596 51.183294)
30230280227,51.205959,3.188321,BRUGGE,11,pit,POINT (3.188321 51.205959)
30230290212,51.199071,3.233041,BRUGGE,39,pit,POINT (3.233041 51.199071)
30230290487,51.218202,3.280683,BRUGGE,11,pit,POINT (3.280683 51.218202)
30230290612,51.202601,3.228689,BRUGGE,39,ambulance,POINT (3.228689 51.202601)
30230300028,51.20181,3.240487,BRUGGE,11,pit,POINT (3.240487 51.20181)
30230300494,51.202656,3.23226,BRUGGE,11,pit,POINT (3.23226 51.202656)
30230310143,51.216197,3.24143,BRUGGE,11,ambulance,POINT (3.24143 51.216197)
30230310187,51.215031,3.208678,BRUGGE,39,ambulance,POINT (3.208678 51.215031)
30230310271,51.22408,3.231861,BRUGGE,3,mug,POINT (3.231861 51.22408)
30230330095,51.222738,3.239996,BRUGGE,11,ambulance,POINT (3.239996 51.222738)
30230330562,51.209317,3.220901,BRUGGE,11,pit,POINT (3.220901 51.209317)
30230340029,51.20889,3.219117,BRUGGE,11,pit,POINT (3.219117 51.20889)
30230340075,51.223852,3.238253,BRUGGE,39,ambulance,POINT (3.238253 51.223852)
30230350274,51.32109,3.18607,BRUGGE,11,pit,POINT (3.18607 51.32109)
30230350351,51.211709,3.256816,BRUGGE,39,pit,POINT (3.256816 51.211709)
30230350469,51.188451,3.199152,BRUGGE,11,ambulance,POINT (3.199152 51.188451)
30230360148,51.326195,3.190646,BRUGGE,3,ambulance,POINT (3.190646 51.326195)
30230360181,51.193212,3.204207,BRUGGE,39,pit,POINT (3.204207 51.193212)
30230370096,51.201565,3.271975,BRUGGE,11,ambulance,POINT (3.271975 51.201565)
30230370388,51.223722,3.237994,BRUGGE,39,pit,POINT (3.237994 51.223722)
30230370434,51.212293,3.226167,BRUGGE,39,ambulance,POINT (3.226167 51.212293)
30230380581,51.200719,3.220786,BRUGGE,11,pit,POINT (3.220786 51.200719)
30230390022,51.326384,3.19102,BRUGGE,11,pit,POINT (3.19102 51.326384)
30230390045,51.303907,3.197695,BRUGGE,39,ambulance,POINT (3.197695 51.303907)
30230390203,51.200153,3.221959,BRUGGE,39,ambulance,POINT (3.221959 51.200153)
30230400579,51.196045,3.23122,BRUGGE,11,pit,POINT (3.23122 51.196045)
30230410020,51.197548,3.274971,BRUGGE,3,pit,POINT (3.274971 51.197548)
30230410093,51.33213,3.212307,BRUGGE,3,ambulance,POINT (3.212307 51.33213)
30230420008,51.206676,3.232942,BRUGGE,39,mug,POINT (3.232942 51.206676)
30230420010,51.193344,3.169028,BRUGGE,39,pit,POINT (3.169028 51.193344)
30230420197,51.20647,3.175902,BRUGGE,11,pit,POINT (3.175902 51.20647)
30230420657,51.210073,3.249374,BRUGGE,39,pit,POINT (3.249374 51.210073)
30230440097,51.289308,3.179164,BRUGGE,3,mug,POINT (3.179164 51.289308)
30230450004,51.213724,3.226825,BRUGGE,11,ambulance,POINT (3.226825 51.213724)
30230450471,51.338141,3.180205,BRUGGE,39,pit,POINT (3.180205 51.338141)
30230460044,51.217335,3.214708,BRUGGE,39,pit,POINT (3.214708 51.217335)
30230460081,51.21471,3.200718,BRUGGE,11,pit,POINT (3.200718 51.21471)
30230470507,51.227701,3.200111,BRUGGE,39,pit,POINT (3.200111 51.227701)
30230470592,51.214191,3.2333,BRUGGE,11,ambulance,POINT (3.2333 51.214191)
30230480038,51.207215,3.210082,BRUGGE,11,mug,POINT (3.210082 51.207215)
30230480095,51.219006,3.238044,BRUGGE,11,pit,POINT (3.238044 51.219006)
30230480150,51.232337,3.226356,BRUGGE,11,pit,POINT (3.226356 51.232337)
30230480155,51.221487,3.240384,BRUGGE,39,pit,POINT (3.240384 51.221487)
30230480544,51.21112,3.222286,BRUGGE,11,pit,POINT (3.222286 51.21112)
30230490206,51.210201,3.196794,BRUGGE,39,ambulance,POINT (3.196794 51.210201)
30230510156,51.216166,3.214378,BRUGGE,39,ambulance,POINT (3.214378 51.216166)
30230510354,51.184561,3.222261,BRUGGE,39,pit,POINT (3.222261 51.184561)
30230510385,51.219152,3.238249,BRUGGE,11,pit,POINT (3.238249 51.219152)
30230520274,51.209386,3.226696,BRUGGE,3,ambulance,POINT (3.226696 51.209386)
30230520522,51.198004,3.194203,BRUGGE,39,ambulance,POINT (3.194203 51.198004)
30230540009,51.220733,3.21602,BRUGGE,39,pit,POINT (3.21602 51.220733)
30230540527,51.30654,3.2177,BRUGGE,11,ambulance,POINT (3.2177 51.30654)
30230550216,51.275197,3.227524,BRUGGE,3,ambulance,POINT (3.227524 51.275197)
30230550499,51.232808,3.212197,BRUGGE,39,ambulance,POINT (3.212197 51.232808)
30230570108,51.211393,3.232528,BRUGGE,39,pit,POINT (3.232528 51.211393)
30230570181,51.218924,3.247999,BRUGGE,39,pit,POINT (3.247999 51.218924)
30230580006,51.206217,3.264858,BRUGGE,39,pit,POINT (3.264858 51.206217)
30230590358,51.214135,3.233446,BRUGGE,39,mug,POINT (3.233446 51.214135)
30230590412,51.192947,3.1957,BRUGGE,39,pit,POINT (3.1957 51.192947)
30230590487,51.190888,3.18199,BRUGGE,39,pit,POINT (3.18199 51.190888)
30230600499,51.226731,3.233425,BRUGGE,11,ambulance,POINT (3.233425 51.226731)
30230600566,51.188068,3.17926,BRUGGE,11,pit,POINT (3.17926 51.188068)
30230610028,51.207496,3.230773,BRUGGE,11,ambulance,POINT (3.230773 51.207496)
30230610151,51.206482,3.219313,BRUGGE,39,ambulance,POINT (3.219313 51.206482)
30230610179,51.203223,3.254612,BRUGGE,3,pit,POINT (3.254612 51.203223)
30230610219,51.214825,3.22523,BRUGGE,11,pit,POINT (3.22523 51.214825)
30230630478,51.328415,3.182768,BRUGGE,11,ambulance,POINT (3.182768 51.328415)
30230640269,51.227653,3.206232,BRUGGE,11,ambulance,POINT (3.206232 51.227653)
30230640313,51.198131,3.176471,BRUGGE,11,pit,POINT (3.176471 51.198131)
30230650109,51.195795,3.273896,BRUGGE,39,pit,POINT (3.273896 51.195795)
30230650194,51.205468,3.229226,BRUGGE,11,ambulance,POINT (3.229226 51.205468)
30230680090,51.215178,3.26204,BRUGGE,11,pit,POINT (3.26204 51.215178)
30230680613,51.211975,3.253806,BRUGGE,11,pit,POINT (3.253806 51.211975)
30230690008,51.213381,3.213866,BRUGGE,39,ambulance,POINT (3.213866 51.213381)
30230690672,51.209076,3.234952,BRUGGE,3,ambulance,POINT (3.234952 51.209076)
30230700304,51.20552,3.220687,BRUGGE,11,pit,POINT (3.220687 51.20552)
30230700362,51.189958,3.237223,BRUGGE,3,ambulance,POINT (3.237223 51.189958)
30230700572,51.222917,3.19957,BRUGGE,39,pit,POINT (3.19957 51.222917)
30230710073,51.197171,3.214173,BRUGGE,39,ambulance,POINT (3.214173 51.197171)
30230710320,51.205836,3.21542,BRUGGE,39,ambulance,POINT (3.21542 51.205836)
30230710434,51.197415,3.2368,BRUGGE,11,pit,POINT (3.2368 51.197415)
30230710554,51.224846,3.21241,BRUGGE,3,ambulance,POINT (3.21241 51.224846)
30230720045,51.200031,3.213636,BRUGGE,11,ambulance,POINT (3.213636 51.200031)
30230730389,51.214634,3.249706,BRUGGE,11,ambulance,POINT (3.249706 51.214634)
30230730530,51.330656,3.210903,BRUGGE,39,pit,POINT (3.210903 51.330656)
30230750311,51.209937,3.225509,BRUGGE,11,pit,POINT (3.225509 51.209937)
30230750429,51.186647,3.210545,BRUGGE,39,ambulance,POINT (3.210545 51.186647)
30230760540,51.19575,3.231307,BRUGGE,11,pit,POINT (3.231307 51.19575)
30230770237,51.199556,3.192135,BRUGGE,11,pit,POINT (3.192135 51.199556)
30230780306,51.196616,3.181905,BRUGGE,11,pit,POINT (3.181905 51.196616)
30230780521,51.233553,3.224926,BRUGGE,39,pit,POINT (3.224926 51.233553)
30230790131,51.230797,3.244014,BRUGGE,11,pit,POINT (3.244014 51.230797)
30230800546,51.235802,3.21148,BRUGGE,11,ambulance,POINT (3.21148 51.235802)
30230810221,51.233795,3.23034,BRUGGE,11,pit,POINT (3.23034 51.233795)
30230810254,51.19863,3.23387,BRUGGE,39,ambulance,POINT (3.23387 51.19863)
30230810332,51.186361,3.214729,BRUGGE,11,pit,POINT (3.214729 51.186361)
30230810539,51.185273,3.247044,BRUGGE,39,pit,POINT (3.247044 51.185273)
30230810566,51.329331,3.201541,BRUGGE,11,pit,POINT (3.201541 51.329331)
30230820026,51.223969,3.211024,BRUGGE,39,pit,POINT (3.211024 51.223969)
30230820106,51.335154,3.208726,BRUGGE,39,ambulance,POINT (3.208726 51.335154)
30230820269,51.29576,3.261419,BRUGGE,3,ambulance,POINT (3.261419 51.29576)
30230830330,51.275811,3.23315,BRUGGE,11,pit,POINT (3.23315 51.275811)
30230830554,51.213218,3.225412,BRUGGE,39,ambulance,POINT (3.225412 51.213218)
30230840296,51.19502,3.214242,BRUGGE,11,pit,POINT (3.214242 51.19502)
30230850243,51.196713,3.240932,BRUGGE,11,pit,POINT (3.240932 51.196713)
30230870097,51.193875,3.253913,BRUGGE,11,pit,POINT (3.253913 51.193875)
30230870286,51.185416,3.213966,BRUGGE,39,ambulance,POINT (3.213966 51.185416)
30230870381,51.212931,3.231722,BRUGGE,11,pit,POINT (3.231722 51.212931)
30230880238,51.198503,3.20033,BRUGGE,11,pit,POINT (3.20033 51.198503)
30230880299,51.206067,3.22421,BRUGGE,11,pit,POINT (3.22421 51.206067)
30230890034,51.20586,3.201994,BRUGGE,11,pit,POINT (3.201994 51.20586)
30230890118,51.214778,3.229347,BRUGGE,39,pit,POINT (3.229347 51.214778)
30230890146,51.315863,3.184957,BRUGGE,11,ambulance,POINT (3.184957 51.315863)
30230890168,51.216078,3.213933,BRUGGE,11,pit,POINT (3.213933 51.216078)
30230890247,51.29229,3.195379,BRUGGE,3,ambulance,POINT (3.195379 51.29229)
30230900013,51.196112,3.232802,BRUGGE,39,pit,POINT (3.232802 51.196112)
30230900045,51.198595,3.170655,BRUGGE,11,ambulance,POINT (3.170655 51.198595)
30230900186,51.219141,3.221071,BRUGGE,11,pit,POINT (3.221071 51.219141)
30230910621,51.199414,3.246721,BRUGGE,39,pit,POINT (3.246721 51.199414)
30230930017,51.198291,3.177064,BRUGGE,39,pit,POINT (3.177064 51.198291)
30230940006,51.183835,3.224274,BRUGGE,39,ambulance,POINT (3.224274 51.183835)
30230940125,51.185381,3.213796,BRUGGE,39,ambulance,POINT (3.213796 51.185381)
30230940512,51.224487,3.226869,BRUGGE,39,ambulance,POINT (3.226869 51.224487)
30230940597,51.213286,3.258749,BRUGGE,11,ambulance,POINT (3.258749 51.213286)
30230950266,51.208666,3.221605,BRUGGE,39,mug,POINT (3.221605 51.208666)
30230980593,51.225589,3.19373,BRUGGE,39,ambulance,POINT (3.19373 51.225589)
30230980624,51.211421,3.230999,BRUGGE,39,ambulance,POINT (3.230999 51.211421)
30230990592,51.216374,3.211049,BRUGGE,11,ambulance,POINT (3.211049 51.216374)
30231000027,51.210351,3.223539,BRUGGE,39,pit,POINT (3.223539 51.210351)
30231010009,51.226879,3.240864,BRUGGE,11,pit,POINT (3.240864 51.226879)
30231010192,51.212687,3.247042,BRUGGE,39,ambulance,POINT (3.247042 51.212687)
30231010351,51.219882,3.205737,BRUGGE,11,pit,POINT (3.205737 51.219882)
30231020014,51.22445,3.193218,BRUGGE,39,pit,POINT (3.193218 51.22445)
30231020596,51.220039,3.203512,BRUGGE,11,ambulance,POINT (3.203512 51.220039)
30231030248,51.252874,3.211612,BRUGGE,11,mug,POINT (3.211612 51.252874)
30231030304,51.327407,3.192835,BRUGGE,11,pit,POINT (3.192835 51.327407)
30231050268,51.204392,3.22622,BRUGGE,39,pit,POINT (3.22622 51.204392)
30231060249,51.214708,3.277176,BRUGGE,39,pit,POINT (3.277176 51.214708)
30231070238,51.213613,3.261752,BRUGGE,11,pit,POINT (3.261752 51.213613)
30231070490,51.328217,3.193094,BRUGGE,11,ambulance,POINT (3.193094 51.328217)
30231080007,51.178953,3.213333,BRUGGE,11,pit,POINT (3.213333 51.178953)
30231080451,51.192045,3.247667,BRUGGE,39,ambulance,POINT (3.247667 51.192045)
30231090681,51.233189,3.20174,BRUGGE,11,pit,POINT (3.20174 51.233189)
30231110375,51.174415,3.183609,BRUGGE,11,pit,POINT (3.183609 51.174415)
30231110390,51.204107,3.184823,BRUGGE,39,ambulance,POINT (3.184823 51.204107)
30231110713,51.202273,3.197975,BRUGGE,39,pit,POINT (3.197975 51.202273)
30231120028,51.235874,3.211418,BRUGGE,39,pit,POINT (3.211418 51.235874)
30231120062,51.331361,3.182972,BRUGGE,3,ambulance,POINT (3.182972 51.331361)
30231120459,51.205064,3.218019,BRUGGE,39,ambulance,POINT (3.218019 51.205064)
30231140018,51.327824,3.192092,BRUGGE,39,pit,POINT (3.192092 51.327824)
30231140033,51.219883,3.226418,BRUGGE,11,pit,POINT (3.226418 51.219883)
30231140444,51.229901,3.242459,BRUGGE,39,ambulance,POINT (3.242459 51.229901)
30231150040,51.32824,3.179031,BRUGGE,11,ambulance,POINT (3.179031 51.32824)
30231150097,51.199615,3.243261,BRUGGE,39,pit,POINT (3.243261 51.199615)
30231160609,51.194322,3.235166,BRUGGE,11,pit,POINT (3.235166 51.194322)
30231170080,51.188495,3.208505,BRUGGE,11,pit,POINT (3.208505 51.188495)
30231170423,51.209147,3.224138,BRUGGE,3,ambulance,POINT (3.224138 51.209147)
30231170500,51.217994,3.20282,BRUGGE,11,ambulance,POINT (3.20282 51.217994)
30231180382,51.219026,3.232382,BRUGGE,39,ambulance,POINT (3.232382 51.219026)
30231190179,51.210448,3.277495,BRUGGE,11,pit,POINT (3.277495 51.210448)
30231200154,51.182173,3.191223,BRUGGE,39,ambulance,POINT (3.191223 51.182173)
30231210029,51.201117,3.248536,BRUGGE,11,pit,POINT (3.248536 51.201117)
30231210069,51.199865,3.245447,BRUGGE,39,ambulance,POINT (3.245447 51.199865)
30231210678,51.294956,3.193992,BRUGGE,39,pit,POINT (3.193992 51.294956)
30231220161,51.198149,3.24587,BRUGGE,3,ambulance,POINT (3.24587 51.198149)
30231220220,51.320355,3.182961,BRUGGE,11,ambulance,POINT (3.182961 51.320355)
30231220296,51.33723,3.183083,BRUGGE,39,ambulance,POINT (3.183083 51.33723)
30231230021,51.224853,3.204152,BRUGGE,39,pit,POINT (3.204152 51.224853)
30231230402,51.210486,3.223504,BRUGGE,39,pit,POINT (3.223504 51.210486)
30231230502,51.205957,3.217326,BRUGGE,39,ambulance,POINT (3.217326 51.205957)
30231250102,51.22136,3.199417,BRUGGE,39,pit,POINT (3.199417 51.22136)
30231250135,51.188393,3.216459,BRUGGE,39,ambulance,POINT (3.216459 51.188393)
30231260167,51.340128,3.204183,BRUGGE,39,ambulance,POINT (3.204183 51.340128)
30231260575,51.1944,3.179383,BRUGGE,11,ambulance,POINT (3.179383 51.1944)
30231260762,51.192284,3.212434,BRUGGE,11,pit,POINT (3.212434 51.192284)
30231270428,51.335164,3.208136,BRUGGE,39,mug,POINT (3.208136 51.335164)
30231280073,51.199298,3.190959,BRUGGE,11,pit,POINT (3.190959 51.199298)
30231280086,51.342607,3.226539,BRUGGE,11,pit,POINT (3.226539 51.342607)
30231280243,51.326601,3.196054,BRUGGE,11,ambulance,POINT (3.196054 51.326601)
30231280382,51.197307,3.179517,BRUGGE,39,ambulance,POINT (3.179517 51.197307)
30231280484,51.187027,3.179284,BRUGGE,11,pit,POINT (3.179284 51.187027)
30231290023,51.189197,3.220807,BRUGGE,39,pit,POINT (3.220807 51.189197)
30231450029,51.2486,3.20267,Brugge (Brugge),11,pit,POINT (3.20267 51.2486)
